<?xml version="1.0" encoding="UTF-8"?>
<!DOCTYPE struts-config PUBLIC
          "-//Apache Software Foundation//DTD Struts Configuration 1.2//EN"
          "http://jakarta.apache.org/struts/dtds/struts-config_1_3.dtd">
<struts-config>
	<form-beans>
		<form-bean name="LoginForm" type="com.niit.strutsdemo.form.LoginForm" />
		
	</form-beans>


	<action-mappings>
		<action input="/index.jsp" name="LoginForm" path="/login" scope="session"
			type="com.niit.strutsdemo.action.LoginAction">
			<forward name="success" path="/success.jsp" />
			<forward name="failure" path="/failure.jsp" /> 
		
		</action>

	</action-mappings>
	<message-resources parameter="com/niit/strutsdemo/ApplicationResource"/>
</struts-config>
    